accession_number,title,record_type,historical_theme,current_collection,proposed_collection,proposal_confidence,proposal_reason
SRM-2026-525,"War on Hunger: A Report from the Agency for International Development, May 1976",Archive,Community and Professional Life,,Biographical and Civic History Collection,medium,Miscellaneous community/professional archive fits the broader biographical-civic bucket.
SRM-2026-366,"Voter-registration list by ward, 1965",Archive,Civil Rights and Citizenship,,Civil Rights Collection,medium,Civic/civil-rights material fits the existing civil-rights grouping.
SRM-2026-375,"Argonne Forest Pressing Club advertising fan, ca. 1920",Artifact,Civic Leadership,,Civil Rights Collection,medium,Civic/civil-rights material fits the existing civil-rights grouping.
SRM-2026-383,"Portrait labeled “Ida B. Wells,” undated",Photograph,Civic Leadership,,Civil Rights Collection,medium,Civic/civil-rights material fits the existing civil-rights grouping.
SRM-2026-385,"Collins Funeral Home advertising plaque, undated",Photograph,Civic Leadership,,Civil Rights Collection,medium,Civic/civil-rights material fits the existing civil-rights grouping.
SRM-2026-388,"Richard Beadle historical marker, undated",Photograph,Civic Leadership,,Civil Rights Collection,medium,Civic/civil-rights material fits the existing civil-rights grouping.
SRM-2026-392,"SCLC Citizenship Workbook, undated",Archive,Civil Rights and Citizenship,,Civil Rights Collection,medium,Civic/civil-rights material fits the existing civil-rights grouping.
SRM-2026-394,"Southern Changes, March–April 1980",Archive,Civil Rights and Citizenship,,Civil Rights Collection,medium,Civic/civil-rights material fits the existing civil-rights grouping.
SRM-2026-395,"Eighth Annual Medgar Evers Mississippi Homecoming program, June 1, 1980",Archive,Civil Rights and Citizenship,,Civil Rights Collection,medium,Civic/civil-rights material fits the existing civil-rights grouping.
SRM-2026-398,"E. C. Foster City Council campaign leaflet, undated",Archive,Civic Leadership,,Civil Rights Collection,medium,Civic/civil-rights material fits the existing civil-rights grouping.
SRM-2026-399,"Henry Kirksey mayoral campaign leaflet, undated",Archive,Civic Leadership,,Civil Rights Collection,medium,Civic/civil-rights material fits the existing civil-rights grouping.
SRM-2026-400,"The National Directory of Black State Legislators, 1981",Archive,Civic Leadership,,Civil Rights Collection,medium,Civic/civil-rights material fits the existing civil-rights grouping.
SRM-2026-401,"The UAW Looks at Civil Rights report, October 1959",Archive,Civil Rights and Citizenship,,Civil Rights Collection,medium,Civic/civil-rights material fits the existing civil-rights grouping.
SRM-2026-402,"Equal Rights Congress program and documents, July 1977",Archive,Civil Rights and Citizenship,,Civil Rights Collection,medium,Civic/civil-rights material fits the existing civil-rights grouping.
SRM-2026-404,"South Today, November 1973",Archive,Civil Rights and Citizenship,,Civil Rights Collection,medium,Civic/civil-rights material fits the existing civil-rights grouping.
SRM-2026-405,"The Civil Rights Fight: A Look at the Legislative Record, undated",Archive,Civil Rights and Citizenship,,Civil Rights Collection,medium,Civic/civil-rights material fits the existing civil-rights grouping.
SRM-2026-406,"New South, April 1964",Archive,Civil Rights and Citizenship,,Civil Rights Collection,medium,Civic/civil-rights material fits the existing civil-rights grouping.
SRM-2026-407,"The Little Black Book, 1977–1978",Archive,Civic Leadership,,Civil Rights Collection,medium,Civic/civil-rights material fits the existing civil-rights grouping.
SRM-2026-408,"Mississippi: Subversion of the Right to Vote, undated",Archive,Civil Rights and Citizenship,,Civil Rights Collection,medium,Civic/civil-rights material fits the existing civil-rights grouping.
SRM-2026-409,"Mississippi voting-rights booklet interior, undated",Archive,Civil Rights and Citizenship,,Civil Rights Collection,medium,Civic/civil-rights material fits the existing civil-rights grouping.
SRM-2026-410,"Woman entering the Leflore County Courthouse, undated",Photograph,Civil Rights and Citizenship,,Civil Rights Collection,medium,Civic/civil-rights material fits the existing civil-rights grouping.
SRM-2026-411,"Registrar’s office, Forrest County Courthouse, Hattiesburg, undated",Photograph,Civil Rights and Citizenship,,Civil Rights Collection,medium,Civic/civil-rights material fits the existing civil-rights grouping.
SRM-2026-415,"The South of the Near Future, May 1980",Archive,Civil Rights and Citizenship,,Civil Rights Collection,medium,Civic/civil-rights material fits the existing civil-rights grouping.
SRM-2026-416,"Outlook featuring Ruby Shearry, March 1976",Archive,Civic Leadership,,Civil Rights Collection,medium,Civic/civil-rights material fits the existing civil-rights grouping.
SRM-2026-417,"Outlook: Neta Baker's $70,000 Home Burned to the Ground - Arson, February 1976",Archive,Civic Leadership,,Civil Rights Collection,medium,Civic/civil-rights material fits the existing civil-rights grouping.
SRM-2026-421,"Excel, 1982–1983",Archive,Civic Leadership,,Civil Rights Collection,medium,Civic/civil-rights material fits the existing civil-rights grouping.
SRM-2026-428,"Focus, May 1980",Archive,Civil Rights and Citizenship,,Civil Rights Collection,medium,Civic/civil-rights material fits the existing civil-rights grouping.
SRM-2026-444,"SNCC list copy with annotations, 2003 copy of earlier material",Archive,Civil Rights and Citizenship,,Civil Rights Collection,medium,Civic/civil-rights material fits the existing civil-rights grouping.
SRM-2026-461,"Reconstruction in Mississippi, 1867–1875",Archive,Civil Rights and Citizenship,,Civil Rights Collection,medium,Civic/civil-rights material fits the existing civil-rights grouping.
SRM-2026-462,"Renaming of the Dr. A. H. McCoy Federal Building, June 7, 1985",Archive,Civic Leadership,,Civil Rights Collection,medium,Civic/civil-rights material fits the existing civil-rights grouping.
SRM-2026-466,"Ollie Collins, club historian, undated",Photograph,Civic Leadership,,Civil Rights Collection,medium,Civic/civil-rights material fits the existing civil-rights grouping.
SRM-2026-469,"Mississippi legislators at a gala following their swearing-in, January 8, 1980",Photograph,Civic Leadership,,Civil Rights Collection,medium,Civic/civil-rights material fits the existing civil-rights grouping.
SRM-2026-478,"The Forgotten Heroes of the Montgomery Bus Boycott, December 1975",Archive,Civil Rights and Citizenship,,Civil Rights Collection,medium,Civic/civil-rights material fits the existing civil-rights grouping.
SRM-2026-485,"Adam Clayton Powell report on the Asia-Africa Conference, July 26, 1955",Archive,Civic Leadership,,Civil Rights Collection,medium,Civic/civil-rights material fits the existing civil-rights grouping.
SRM-2026-506,"Womanpower and the Jackson Movement, undated",Archive,Civil Rights and Citizenship,,Civil Rights Collection,medium,Civic/civil-rights material fits the existing civil-rights grouping.
SRM-2026-507,"National Lawyers Guild letter on legal assistance in Mississippi, undated",Archive,Civil Rights and Citizenship,,Civil Rights Collection,medium,Civic/civil-rights material fits the existing civil-rights grouping.
SRM-2026-508,"Guide to Subversive Organizations and Publications with National Lawyers Guild annotations, 1961",Archive,Civil Rights and Citizenship,,Civil Rights Collection,medium,Civic/civil-rights material fits the existing civil-rights grouping.
SRM-2026-521,"Typed historical commentary on Montgomery and the Mississippi constitution of 1890, undated",Archive,Civil Rights and Citizenship,,Civil Rights Collection,medium,Civic/civil-rights material fits the existing civil-rights grouping.
SRM-2026-527,"NAACP v. Claiborne Hardware Company respondents’ brief in opposition, October 15, 1981",Archive,Civil Rights and Citizenship,,Civil Rights Collection,medium,Civic/civil-rights material fits the existing civil-rights grouping.
SRM-2026-528,"America’s Stake in Human Rights, September 1949",Archive,Civil Rights and Citizenship,,Civil Rights Collection,medium,Civic/civil-rights material fits the existing civil-rights grouping.
SRM-2026-788,"YWCA branch leadership group seated around a table, 1940s or 1950s",Photograph,Civic Leadership,,Civil Rights Collection,medium,Civic/civil-rights material fits the existing civil-rights grouping.
SRM-2026-797,"Southern Changes, October-November 1978",Archive,Civil Rights and Citizenship,,Civil Rights Collection,medium,Civic/civil-rights material fits the existing civil-rights grouping.
SRM-2026-825,"Photo of Rev. J. V. Johnson with poem on the back, undated",Photograph,Civic Leadership,,Civil Rights Collection,medium,Civic/civil-rights material fits the existing civil-rights grouping.
SRM-2026-826,"Fraternal lodge officers posed in ceremonial regalia, undated",Photograph,Civic Leadership,,Civil Rights Collection,medium,Civic/civil-rights material fits the existing civil-rights grouping.
SRM-2026-828,"Fraternal leader speaking at a podium, undated",Photograph,Civic Leadership,,Civil Rights Collection,medium,Civic/civil-rights material fits the existing civil-rights grouping.
SRM-2026-367,"The Inauguration of the President, Alcorn Agricultural and Mechanical College, March 6, 1971",Archive,African American Education,,Education and Public Memory Collection,high,Education-related item not centered on Smith Robertson fits the broader Education and Public Memory Collection.
SRM-2026-368,"The Eagle yearbook, 2008",Archive,African American Education,,Education and Public Memory Collection,high,Education-related item not centered on Smith Robertson fits the broader Education and Public Memory Collection.
SRM-2026-369,The 1981 Delvian: A Valley Experience,Archive,African American Education,,Education and Public Memory Collection,high,Education-related item not centered on Smith Robertson fits the broader Education and Public Memory Collection.
SRM-2026-382,"Tougaloo News memorial issue for Isaiah Sumner Sanders, February 1981",Archive,African American Education,,Education and Public Memory Collection,high,Education-related item not centered on Smith Robertson fits the broader Education and Public Memory Collection.
SRM-2026-387,"Industrial-course certificate awarded to R. L. Burton, May 20, 1916",Archive,African American Education,,Education and Public Memory Collection,high,Education-related item not centered on Smith Robertson fits the broader Education and Public Memory Collection.
SRM-2026-423,"Annual Athletic and Literary Tournament souvenir program, March 10, 1939",Archive,African American Education,,Education and Public Memory Collection,high,Education-related item not centered on Smith Robertson fits the broader Education and Public Memory Collection.
SRM-2026-425,"Tougaloo College presentation folder, undated",Archive,African American Education,,Education and Public Memory Collection,high,Education-related item not centered on Smith Robertson fits the broader Education and Public Memory Collection.
SRM-2026-426,"Black Perspectives on the Bicentennial: The Struggle for Equality of Educational Opportunity, undated",Archive,African American Education,,Education and Public Memory Collection,high,Education-related item not centered on Smith Robertson fits the broader Education and Public Memory Collection.
SRM-2026-427,"Hi-Ho composition book with classroom fundraising note, undated",Artifact,African American Education,,Education and Public Memory Collection,high,Education-related item not centered on Smith Robertson fits the broader Education and Public Memory Collection.
SRM-2026-436,"Alcorn Agricultural and Mechanical College examination books, 1937 and 1940",Archive,African American Education,,Education and Public Memory Collection,high,Education-related item not centered on Smith Robertson fits the broader Education and Public Memory Collection.
SRM-2026-437,"Application for a teaching position, April 17, 1941",Archive,African American Education,,Education and Public Memory Collection,high,Education-related item not centered on Smith Robertson fits the broader Education and Public Memory Collection.
SRM-2026-438,"First-grade class at the zoo, 1961",Photograph,African American Education,,Education and Public Memory Collection,high,Education-related item not centered on Smith Robertson fits the broader Education and Public Memory Collection.
SRM-2026-440,"Rust College Alumni Newsletter, February 1981",Archive,African American Education,,Education and Public Memory Collection,high,Education-related item not centered on Smith Robertson fits the broader Education and Public Memory Collection.
SRM-2026-441,"Rust College Campus News Briefs, March 23, 1981",Archive,African American Education,,Education and Public Memory Collection,high,Education-related item not centered on Smith Robertson fits the broader Education and Public Memory Collection.
SRM-2026-446,"Head Start Newsletter: Potpourri, December 1977",Archive,African American Education,,Education and Public Memory Collection,high,Education-related item not centered on Smith Robertson fits the broader Education and Public Memory Collection.
SRM-2026-449,"The Rust College Sentinel, March 1981",Archive,African American Education,,Education and Public Memory Collection,high,Education-related item not centered on Smith Robertson fits the broader Education and Public Memory Collection.
SRM-2026-500,"Fourth grade class, 1953",Photograph,African American Education,,Education and Public Memory Collection,high,Education-related item not centered on Smith Robertson fits the broader Education and Public Memory Collection.
SRM-2026-514,"Lanier High School Class of 1944 fiftieth graduation anniversary program, June 24-26, 1994",Archive,African American Education,,Education and Public Memory Collection,high,Education-related item not centered on Smith Robertson fits the broader Education and Public Memory Collection.
SRM-2026-515,"Lanier and Jim Hill 1953 class reunion booklet, undated",Archive,African American Education,,Education and Public Memory Collection,high,Education-related item not centered on Smith Robertson fits the broader Education and Public Memory Collection.
SRM-2026-516,"Tougaloo Southern News, January 1959",Archive,African American Education,,Education and Public Memory Collection,high,Education-related item not centered on Smith Robertson fits the broader Education and Public Memory Collection.
SRM-2026-517,"The thirtieth year reunion of the Lanier High School class of 1954, July 6-7, 1984",Archive,African American Education,,Education and Public Memory Collection,high,Education-related item not centered on Smith Robertson fits the broader Education and Public Memory Collection.
SRM-2026-518,"Tougaloo News college magazine, July 1984",Archive,African American Education,,Education and Public Memory Collection,high,Education-related item not centered on Smith Robertson fits the broader Education and Public Memory Collection.
SRM-2026-519,"Lanier High School Class of 1941 reunion program, September 19-21, 1986",Archive,African American Education,,Education and Public Memory Collection,high,Education-related item not centered on Smith Robertson fits the broader Education and Public Memory Collection.
SRM-2026-520,"Lanier High School Class of 1949 reunion program, July 20-22, 1984",Archive,African American Education,,Education and Public Memory Collection,high,Education-related item not centered on Smith Robertson fits the broader Education and Public Memory Collection.
SRM-2026-522,"Lanier Class of 1947 thirty-seventh anniversary reunion program, July 27-29, 1984",Archive,African American Education,,Education and Public Memory Collection,high,Education-related item not centered on Smith Robertson fits the broader Education and Public Memory Collection.
SRM-2026-524,Emergency School Aid Act of 1970 hearings extract,Archive,African American Education,,Education and Public Memory Collection,high,Education-related item not centered on Smith Robertson fits the broader Education and Public Memory Collection.
SRM-2026-526,"SCAASI Southern Conference on Afro-American Studies general convention program, 1983",Archive,African American Education,,Education and Public Memory Collection,high,Education-related item not centered on Smith Robertson fits the broader Education and Public Memory Collection.
SRM-2026-778,"Typing classroom with students at typewriters, undated",Photograph,African American Education,,Education and Public Memory Collection,high,Education-related item not centered on Smith Robertson fits the broader Education and Public Memory Collection.
SRM-2026-780,"Large outdoor youth group portrait, possibly associated with Mrs. Minnie Jarvis's Girl Scouts, undated",Photograph,African American Education,,Education and Public Memory Collection,high,Education-related item not centered on Smith Robertson fits the broader Education and Public Memory Collection.
SRM-2026-789,"Baseball players behind a chain-link fence, undated",Photograph,African American Education,,Education and Public Memory Collection,high,Education-related item not centered on Smith Robertson fits the broader Education and Public Memory Collection.
SRM-2026-796,"Classroom scene labeled ""Black e Proud School,"" undated",Photograph,African American Education,,Education and Public Memory Collection,high,Education-related item not centered on Smith Robertson fits the broader Education and Public Memory Collection.
SRM-2026-799,"Learning to Sew, William Johnson Center, Jackson, Mississippi, undated",Photograph,African American Education,,Education and Public Memory Collection,high,Education-related item not centered on Smith Robertson fits the broader Education and Public Memory Collection.
SRM-2026-800,"Classroom or workshop scene with seated participants, undated",Photograph,African American Education,,Education and Public Memory Collection,high,Education-related item not centered on Smith Robertson fits the broader Education and Public Memory Collection.
SRM-2026-835,"JSU graduation ceremony, May 8, 1977",Photograph,African American Education,,Education and Public Memory Collection,high,Education-related item not centered on Smith Robertson fits the broader Education and Public Memory Collection.
SRM-2026-836,"Graduation portrait of an unidentified woman, Jackson College class of 1937",Photograph,African American Education,,Education and Public Memory Collection,high,Education-related item not centered on Smith Robertson fits the broader Education and Public Memory Collection.
SRM-2026-372,"Afro Scholar Newsletter featuring Richard Wright, undated",Archive,Arts And Culture,,Newspapers And Periodicals,high,Serial/newspaper or magazine item fits the periodicals grouping.
SRM-2026-420,"Outlook Magazine: Blacks Lose Land / 40 Acres and a Mule / Black Farmers in Trouble, December 1978",Archive,Agriculture and Labor,,Newspapers And Periodicals,high,Serial/newspaper or magazine item fits the periodicals grouping.
SRM-2026-442,"Reaction Magazine contents and staff pages, 1976",Archive,Arts And Culture,,Newspapers And Periodicals,high,Serial/newspaper or magazine item fits the periodicals grouping.
SRM-2026-445,"Reaction Magazine contents and staff pages, alternate view, 1976",Archive,Arts And Culture,,Newspapers And Periodicals,high,Serial/newspaper or magazine item fits the periodicals grouping.
SRM-2026-452,"Southern Black Cultural Newsletter, May 1981",Archive,Arts And Culture,,Newspapers And Periodicals,high,Serial/newspaper or magazine item fits the periodicals grouping.
SRM-2026-361,"Portrait of an unidentified infant, undated",Photograph,Midwives and Motherhood,,Photograph Collection,medium,Loose photograph without named donor collection fits the general photograph bucket.
SRM-2026-362,"Portrait of three unidentified children, undated",Photograph,Family And Local Life,,Photograph Collection,medium,Loose photograph without named donor collection fits the general photograph bucket.
SRM-2026-363,"Portrait of an unidentified couple, undated",Photograph,Family And Local Life,,Photograph Collection,medium,Loose photograph without named donor collection fits the general photograph bucket.
SRM-2026-364,"Carved portrait bust of an unidentified woman, undated",Photograph,Family And Local Life,,Photograph Collection,medium,Loose photograph without named donor collection fits the general photograph bucket.
SRM-2026-365,"Carved portrait bust of an unidentified man, undated",Photograph,Family And Local Life,,Photograph Collection,medium,Loose photograph without named donor collection fits the general photograph bucket.
SRM-2026-376,"Advertising fan with portrait of an unidentified boy, undated",Photograph,Family And Local Life,,Photograph Collection,medium,Loose photograph without named donor collection fits the general photograph bucket.
SRM-2026-377,"Portrait of an unidentified woman, undated",Photograph,Family And Local Life,,Photograph Collection,medium,Loose photograph without named donor collection fits the general photograph bucket.
SRM-2026-378,"Presentation on a porch, undated",Photograph,Family And Local Life,,Photograph Collection,medium,Loose photograph without named donor collection fits the general photograph bucket.
SRM-2026-379,"Edward Nelson Taylor, undated",Photograph,Family And Local Life,,Photograph Collection,medium,Loose photograph without named donor collection fits the general photograph bucket.
SRM-2026-380,"Portrait of an unidentified young man, undated",Photograph,Family And Local Life,,Photograph Collection,medium,Loose photograph without named donor collection fits the general photograph bucket.
SRM-2026-381,"Two unidentified children indoors, undated",Photograph,Family And Local Life,,Photograph Collection,medium,Loose photograph without named donor collection fits the general photograph bucket.
SRM-2026-397,"Group portrait with handwritten identifications, undated",Photograph,Family And Local Life,,Photograph Collection,medium,Loose photograph without named donor collection fits the general photograph bucket.
SRM-2026-454,"Portrait of an unidentified woman, undated",Photograph,Family And Local Life,,Photograph Collection,medium,Loose photograph without named donor collection fits the general photograph bucket.
SRM-2026-455,"Portrait of an unidentified man with seasonal inscription, undated",Photograph,Family And Local Life,,Photograph Collection,medium,Loose photograph without named donor collection fits the general photograph bucket.
SRM-2026-456,"Unidentified man with bicycle, undated",Photograph,Family And Local Life,,Photograph Collection,medium,Loose photograph without named donor collection fits the general photograph bucket.
SRM-2026-457,"Childhood portrait labeled “Ms. Bessie Shader,” ca. 1912",Photograph,Family And Local Life,,Photograph Collection,medium,Loose photograph without named donor collection fits the general photograph bucket.
SRM-2026-458,"Portrait labeled “Ms. Bessie Shader,” ca. 1918",Photograph,Family And Local Life,,Photograph Collection,medium,Loose photograph without named donor collection fits the general photograph bucket.
SRM-2026-459,"Older woman holding an infant, January 1979",Photograph,Midwives and Motherhood,,Photograph Collection,medium,Loose photograph without named donor collection fits the general photograph bucket.
SRM-2026-465,"Portrait of an unidentified woman, undated",Photograph,Family And Local Life,,Photograph Collection,medium,Loose photograph without named donor collection fits the general photograph bucket.
SRM-2026-467,"Dorothy Moore, undated",Photograph,Family And Local Life,,Photograph Collection,medium,Loose photograph without named donor collection fits the general photograph bucket.
SRM-2026-468,"Dorothy Moore, undated",Photograph,Family And Local Life,,Photograph Collection,medium,Loose photograph without named donor collection fits the general photograph bucket.
SRM-2026-470,"Percy Greene, undated",Photograph,Family And Local Life,,Photograph Collection,medium,Loose photograph without named donor collection fits the general photograph bucket.
SRM-2026-471,"James C. Gilliam Jr., 1950",Photograph,Family And Local Life,,Photograph Collection,medium,Loose photograph without named donor collection fits the general photograph bucket.
SRM-2026-472,"Mrs. Rosie Holden of Jackson, undated",Photograph,Family And Local Life,,Photograph Collection,medium,Loose photograph without named donor collection fits the general photograph bucket.
SRM-2026-475,"Portrait of an unidentified woman in hat and fur collar, undated",Photograph,Portraiture and Community Memory,,Photograph Collection,medium,Loose photograph without named donor collection fits the general photograph bucket.
SRM-2026-477,"Portrait of an unidentified infant in christening gown, undated",Photograph,Midwives and Motherhood,,Photograph Collection,medium,Loose photograph without named donor collection fits the general photograph bucket.
SRM-2026-776,"Community meeting around a conference table, undated",Photograph,Community and Professional Life,,Photograph Collection,medium,Loose photograph without named donor collection fits the general photograph bucket.
SRM-2026-779,"House and parked car, undated",Photograph,Family And Local Life,,Photograph Collection,medium,Loose photograph without named donor collection fits the general photograph bucket.
SRM-2026-781,"Studio portrait of an unidentified man in suit, undated",Photograph,Portraiture and Community Memory,,Photograph Collection,medium,Loose photograph without named donor collection fits the general photograph bucket.
SRM-2026-782,"House doorway with wooden porch, undated",Photograph,Family And Local Life,,Photograph Collection,medium,Loose photograph without named donor collection fits the general photograph bucket.
SRM-2026-783,"Studio portrait of an unidentified young man, undated",Photograph,Portraiture and Community Memory,,Photograph Collection,medium,Loose photograph without named donor collection fits the general photograph bucket.
SRM-2026-785,"Sepia portrait of an unidentified man, undated",Photograph,Portraiture and Community Memory,,Photograph Collection,medium,Loose photograph without named donor collection fits the general photograph bucket.
SRM-2026-786,"Color snapshot of an unidentified man standing outdoors, undated",Photograph,Portraiture and Community Memory,,Photograph Collection,medium,Loose photograph without named donor collection fits the general photograph bucket.
SRM-2026-787,"Child seated outdoors on a bench, undated",Photograph,Family And Local Life,,Photograph Collection,medium,Loose photograph without named donor collection fits the general photograph bucket.
SRM-2026-791,"Outdoor labor or logging scene, undated",Photograph,Community and Professional Life,,Photograph Collection,medium,Loose photograph without named donor collection fits the general photograph bucket.
SRM-2026-792,"Figure standing in a field, undated",Photograph,Family And Local Life,,Photograph Collection,medium,Loose photograph without named donor collection fits the general photograph bucket.
SRM-2026-795,"Cooperative worker sewing stuffed dolls at Rose Hill near Lexington, undated",Photograph,Community and Professional Life,,Photograph Collection,medium,Loose photograph without named donor collection fits the general photograph bucket.
SRM-2026-798,"Groundbreaking of a church on Farish Street, undated",Photograph,Community and Professional Life,,Photograph Collection,medium,Loose photograph without named donor collection fits the general photograph bucket.
SRM-2026-806,"Conic's Beauty-Barber Supply storefront, undated",Photograph,Community and Professional Life,,Photograph Collection,medium,Loose photograph without named donor collection fits the general photograph bucket.
SRM-2026-809,"Infant seated in a walker beside a small table, undated",Photograph,Family And Local Life,,Photograph Collection,medium,Loose photograph without named donor collection fits the general photograph bucket.
SRM-2026-812,"Outdoor portrait of an unidentified man, undated",Photograph,Portraiture and Community Memory,,Photograph Collection,medium,Loose photograph without named donor collection fits the general photograph bucket.
SRM-2026-816,"Indoor portrait of an unidentified couple, undated",Photograph,Family And Local Life,,Photograph Collection,medium,Loose photograph without named donor collection fits the general photograph bucket.
SRM-2026-818,"Portrait of an unidentified man in suit and tie, undated",Photograph,Portraiture and Community Memory,,Photograph Collection,medium,Loose photograph without named donor collection fits the general photograph bucket.
SRM-2026-819,"Family group portrait, undated",Photograph,Family And Local Life,,Photograph Collection,medium,Loose photograph without named donor collection fits the general photograph bucket.
SRM-2026-820,"Wedding portrait with cake, undated",Photograph,Family And Local Life,,Photograph Collection,medium,Loose photograph without named donor collection fits the general photograph bucket.
SRM-2026-821,"Indoor family group portrait, undated",Photograph,Family And Local Life,,Photograph Collection,medium,Loose photograph without named donor collection fits the general photograph bucket.
SRM-2026-827,"Farish Street Baptist Church, 619 N. Farish, undated",Photograph,Community and Professional Life,,Photograph Collection,medium,Loose photograph without named donor collection fits the general photograph bucket.
SRM-2026-829,"Portrait of an unidentified woman, undated",Photograph,Portraiture and Community Memory,,Photograph Collection,medium,Loose photograph without named donor collection fits the general photograph bucket.
SRM-2026-830,"Profile portrait of an unidentified woman, undated",Photograph,Portraiture and Community Memory,,Photograph Collection,medium,Loose photograph without named donor collection fits the general photograph bucket.
SRM-2026-831,"Woman seated on a bench with child, undated",Photograph,Family And Local Life,,Photograph Collection,medium,Loose photograph without named donor collection fits the general photograph bucket.
SRM-2026-832,"Studio portrait of an unidentified infant, undated",Photograph,Family And Local Life,,Photograph Collection,medium,Loose photograph without named donor collection fits the general photograph bucket.
SRM-2026-833,"Portrait of an unidentified woman in striped dress, undated",Photograph,Portraiture and Community Memory,,Photograph Collection,medium,Loose photograph without named donor collection fits the general photograph bucket.
SRM-2026-834,"Candid photograph of a woman in a polka-dot dress, undated",Photograph,Family And Local Life,,Photograph Collection,medium,Loose photograph without named donor collection fits the general photograph bucket.
SRM-2026-837,"Woman drawing water from a hand pump, undated",Photograph,Family And Local Life,,Photograph Collection,medium,Loose photograph without named donor collection fits the general photograph bucket.
SRM-2026-838,"Dotty Cab Restaurant (White House), undated",Photograph,Community and Professional Life,,Photograph Collection,medium,Loose photograph without named donor collection fits the general photograph bucket.
SRM-2026-839,"Man drawing water from a hand pump, undated",Photograph,Family And Local Life,,Photograph Collection,medium,Loose photograph without named donor collection fits the general photograph bucket.
SRM-2026-840,"Sepia full-length portrait of an unidentified woman outdoors, undated",Photograph,Portraiture and Community Memory,,Photograph Collection,medium,Loose photograph without named donor collection fits the general photograph bucket.
SRM-2026-509,"Hygiene class certificate for Leroy Weathersby, May 21, 1940",Archive,Black Health and Medicine,,School History Collection,high,Education-centered item fits the strongest general school-history collection.
SRM-2026-370,"Smith Robertson Folklife Festival program, May 3–5, 1985",Archive,African American Education,,SRM Collection,high,Smith Robertson school or museum history item fits the redefined SRM Collection.
SRM-2026-371,"Smith Robertson Museum and Cultural Center brochure, undated",Archive,African American Education,,SRM Collection,high,Smith Robertson school or museum history item fits the redefined SRM Collection.
SRM-2026-373,"A Neighborhood Discovery exhibition program, 1983",Archive,African American Education,,SRM Collection,high,Smith Robertson school or museum history item fits the redefined SRM Collection.
SRM-2026-374,"Farish Street Historic District brochure, undated",Archive,African American Education,,SRM Collection,high,Smith Robertson school or museum history item fits the redefined SRM Collection.
SRM-2026-384,"Soulbook 7, undated",Archive,Arts And Culture,,SRM Collection,medium,General museum object or arts/material item fits the broad SRM catchall.
SRM-2026-386,"Mississippi Passenger Road and Bridge Privilege Tax receipt, 1947",Artifact,Material Culture and Interpretation,,SRM Collection,medium,General museum object or arts/material item fits the broad SRM catchall.
SRM-2026-389,"Smith Robertson Neighborhood Folklife Festival program, May 4, 1984",Archive,African American Education,,SRM Collection,high,Smith Robertson school or museum history item fits the redefined SRM Collection.
SRM-2026-390,"Smith Robertson Neighborhood Folklife Festival program pages, 1984",Archive,African American Education,,SRM Collection,high,Smith Robertson school or museum history item fits the redefined SRM Collection.
SRM-2026-391,"Commission on Religion and Race Reports, spring 1965",Archive,Faith And Community Life,,SRM Collection,low,Single faith/community item is better housed in the general SRM collection until a larger church cluster exists.
SRM-2026-393,"Wake Up America!, February 1964",Archive,Faith And Community Life,,SRM Collection,low,Single faith/community item is better housed in the general SRM collection until a larger church cluster exists.
SRM-2026-396,Unidentified image,Photograph,Material Culture and Interpretation,,SRM Collection,medium,General museum object or arts/material item fits the broad SRM catchall.
SRM-2026-403,"South Today, January–February 1972",Archive,Family And Local Life,,SRM Collection,low,Fallback general museum collection for currently unassigned material.
SRM-2026-412,"How Is Your Mental Health?, August 14, 1943",Archive,Material Culture and Interpretation,,SRM Collection,medium,General museum object or arts/material item fits the broad SRM catchall.
SRM-2026-413,"Street Talk, February 1979",Archive,Family And Local Life,,SRM Collection,low,Fallback general museum collection for currently unassigned material.
SRM-2026-414,"Street Talk, May 1979",Photograph,Material Culture and Interpretation,,SRM Collection,medium,General museum object or arts/material item fits the broad SRM catchall.
SRM-2026-418,"Outlook: Million Dollar Monkey on My Back!!!, October 1976",Archive,Black Health and Medicine,,SRM Collection,low,Fallback general museum collection for currently unassigned material.
SRM-2026-419,"Outlook featuring Roxie Patterson Meredith Weatherly, November 1976",Archive,Family And Local Life,,SRM Collection,low,Fallback general museum collection for currently unassigned material.
SRM-2026-422,"Rough Riding Down South, 1968",Archive,Material Culture and Interpretation,,SRM Collection,medium,General museum object or arts/material item fits the broad SRM catchall.
SRM-2026-424,"Unidentified musician performing, undated",Photograph,Arts And Culture,,SRM Collection,medium,General museum object or arts/material item fits the broad SRM catchall.
SRM-2026-429,"Afro-American Songs and Dances research cards, undated",Artifact,Arts And Culture,,SRM Collection,medium,General museum object or arts/material item fits the broad SRM catchall.
SRM-2026-430,"Interior of an unidentified general store, undated",Photograph,Material Culture and Interpretation,,SRM Collection,medium,General museum object or arts/material item fits the broad SRM catchall.
SRM-2026-431,"Those Who Stayed Home During the Great Migration symposium program, September 14-15, 1989",Archive,Migration And Memory,,SRM Collection,low,Fallback general museum collection for currently unassigned material.
SRM-2026-432,"St. Joseph’s Book of Facts, undated",Archive,Material Culture and Interpretation,,SRM Collection,medium,General museum object or arts/material item fits the broad SRM catchall.
SRM-2026-433,"Service, September 1943",Archive,Military Service,,SRM Collection,low,Fallback general museum collection for currently unassigned material.
SRM-2026-435,"Letter from Research Hospital to Sadie Poole, October 15, 1938",Archive,Midwives and Motherhood,,SRM Collection,low,Fallback general museum collection for currently unassigned material.
SRM-2026-439,"A Tribute To Mrs. Theressa Ruth Garrett Almore, 1907-1991",Archive,Faith And Community Life,,SRM Collection,low,Single faith/community item is better housed in the general SRM collection until a larger church cluster exists.
SRM-2026-443,"Campus Communicator, undated",Photograph,Arts And Culture,,SRM Collection,medium,General museum object or arts/material item fits the broad SRM catchall.
SRM-2026-447,"The Reconciler, April 1978",Archive,Faith And Community Life,,SRM Collection,low,Single faith/community item is better housed in the general SRM collection until a larger church cluster exists.
SRM-2026-448,"The Monitor, September 1982",Archive,Arts And Culture,,SRM Collection,medium,General museum object or arts/material item fits the broad SRM catchall.
SRM-2026-450,"Kommuni-K-Kwarterly, 1978",Archive,Arts And Culture,,SRM Collection,medium,General museum object or arts/material item fits the broad SRM catchall.
SRM-2026-451,"Soul Force, February 1984",Archive,Arts And Culture,,SRM Collection,medium,General museum object or arts/material item fits the broad SRM catchall.
SRM-2026-453,"Smith Robertson class collage, 1925",Photograph,African American Education,,SRM Collection,high,Smith Robertson school or museum history item fits the redefined SRM Collection.
SRM-2026-460,"Smith Robertson School register of former teachers, 1935–1937",Archive,African American Education,,SRM Collection,high,Smith Robertson school or museum history item fits the redefined SRM Collection.
SRM-2026-463,"Commentary on Richard Wright’s Uncle Tom’s Children, undated",Archive,Arts And Culture,,SRM Collection,medium,General museum object or arts/material item fits the broad SRM catchall.
SRM-2026-464,"United Methodist church on Farish Street, undated",Photograph,Faith And Community Life,,SRM Collection,low,Single faith/community item is better housed in the general SRM collection until a larger church cluster exists.
SRM-2026-473,Scott Ford Houses architectural elevation for 136 East Cohea Street,Archive,Midwives and Motherhood,,SRM Collection,low,Fallback general museum collection for currently unassigned material.
SRM-2026-474,Scott Ford Houses architectural elevation for 138 East Cohea Street,Archive,Midwives and Motherhood,,SRM Collection,low,Fallback general museum collection for currently unassigned material.
SRM-2026-476,"Those Who Stayed: A Collectanea, 1988-1989",Archive,Migration And Memory,,SRM Collection,low,Fallback general museum collection for currently unassigned material.
SRM-2026-479,"Women in Dentistry, Alpha Kappa Alpha Heritage Series No. 5, 1972",Archive,Black Health and Medicine,,SRM Collection,low,Fallback general museum collection for currently unassigned material.
SRM-2026-480,Mini guide for volunteers for Field to Factory: Afro-American Migration 1915-1940,Archive,Migration And Memory,,SRM Collection,low,Fallback general museum collection for currently unassigned material.
SRM-2026-481,"Our People dinner theatre program, September 15, 1989",Archive,Arts And Culture,,SRM Collection,medium,General museum object or arts/material item fits the broad SRM catchall.
SRM-2026-482,"Forums and a symposium on The Impact of Black Migration from the Rural South to the Urban North, 1915 to the Present, Attachment A",Archive,Migration And Memory,,SRM Collection,low,Fallback general museum collection for currently unassigned material.
SRM-2026-483,"Field to Factory exhibition program, November 6, 1988",Archive,Migration And Memory,,SRM Collection,low,Fallback general museum collection for currently unassigned material.
SRM-2026-484,"Field to Factory study guide for the exhibition, undated",Archive,Migration And Memory,,SRM Collection,low,Fallback general museum collection for currently unassigned material.
SRM-2026-486,"Typed planning document related to Black migration forums, undated",Archive,Migration And Memory,,SRM Collection,low,Fallback general museum collection for currently unassigned material.
SRM-2026-487,"Black and White: The Art of H. J. Lewis, undated",Archive,Arts And Culture,,SRM Collection,medium,General museum object or arts/material item fits the broad SRM catchall.
SRM-2026-488,"May Day 1963, Vertilla Anderson’s first grade class",Photograph,African American Education,,SRM Collection,high,Smith Robertson school or museum history item fits the redefined SRM Collection.
SRM-2026-489,"Jimmie Dale Law in striped jacket with first grade class, undated",Photograph,African American Education,,SRM Collection,high,Smith Robertson school or museum history item fits the redefined SRM Collection.
SRM-2026-490,"Smith Robertson teachers, March 1958",Photograph,African American Education,,SRM Collection,high,Smith Robertson school or museum history item fits the redefined SRM Collection.
SRM-2026-491,"Vertilla F. Anderson portrait with floral display, May 1964",Photograph,African American Education,,SRM Collection,high,Smith Robertson school or museum history item fits the redefined SRM Collection.
SRM-2026-492,"Betty Mencuree with first graders, May 1964",Photograph,African American Education,,SRM Collection,high,Smith Robertson school or museum history item fits the redefined SRM Collection.
SRM-2026-493,"Vertilla F. Anderson and class, May 1964",Photograph,African American Education,,SRM Collection,high,Smith Robertson school or museum history item fits the redefined SRM Collection.
SRM-2026-494,"Smith Robertson teachers group, March 1958",Photograph,African American Education,,SRM Collection,high,Smith Robertson school or museum history item fits the redefined SRM Collection.
SRM-2026-495,"Vertilla F. Anderson and first graders outside school, undated",Photograph,African American Education,,SRM Collection,high,Smith Robertson school or museum history item fits the redefined SRM Collection.
SRM-2026-496,May Day 1965 maypole at Robertson School,Photograph,African American Education,,SRM Collection,high,Smith Robertson school or museum history item fits the redefined SRM Collection.
SRM-2026-497,"Vertilla F. Anderson first grade classroom, undated",Photograph,African American Education,,SRM Collection,high,Smith Robertson school or museum history item fits the redefined SRM Collection.
SRM-2026-498,"Teachers Vertilla Friar Anderson and Jimmye J. Bailey, undated",Photograph,African American Education,,SRM Collection,high,Smith Robertson school or museum history item fits the redefined SRM Collection.
SRM-2026-499,"May Day first grade class in costume, May 1964",Photograph,African American Education,,SRM Collection,high,Smith Robertson school or museum history item fits the redefined SRM Collection.
SRM-2026-501,"Smith Robertson class trip scene at the airport, undated",Photograph,African American Education,,SRM Collection,high,Smith Robertson school or museum history item fits the redefined SRM Collection.
SRM-2026-502,"At the zoo, May Day 1965, Robertson School",Photograph,African American Education,,SRM Collection,high,Smith Robertson school or museum history item fits the redefined SRM Collection.
SRM-2026-503,"At the airport with Clara Caston, Christa Hudson, Florence Aaron, Vertilla F. Anderson, and children, undated",Photograph,African American Education,,SRM Collection,high,Smith Robertson school or museum history item fits the redefined SRM Collection.
SRM-2026-504,"Smith Robertson first graders, undated",Photograph,African American Education,,SRM Collection,high,Smith Robertson school or museum history item fits the redefined SRM Collection.
SRM-2026-505,"Martin Luther King Jr. memorial gathering at Smith Robertson, undated",Photograph,Civil Rights and Citizenship,,SRM Collection,high,Smith Robertson school or museum history item fits the redefined SRM Collection.
SRM-2026-510,"Biographical page on Dr. S. A. Miller and Mrs. L. F. Miller, M.D., undated",Archive,Black Health and Medicine,,SRM Collection,low,Fallback general museum collection for currently unassigned material.
SRM-2026-511,"Jackson State University support letter for Smith Robertson museum development, February 1, 1984",Archive,Community and Professional Life,,SRM Collection,high,Smith Robertson school or museum history item fits the redefined SRM Collection.
SRM-2026-512,"Ten African American Artists at Smith Robertson opening program, May 5, 1991",Archive,Arts And Culture,,SRM Collection,high,Smith Robertson school or museum history item fits the redefined SRM Collection.
SRM-2026-513,"Arthur Hall Afro-American Dance Ensemble program, undated",Archive,Arts And Culture,,SRM Collection,medium,General museum object or arts/material item fits the broad SRM catchall.
SRM-2026-523,"The Mississippi Panel Exhibit brochure, 1997-1999",Archive,Arts And Culture,,SRM Collection,medium,General museum object or arts/material item fits the broad SRM catchall.
SRM-2026-775,"Lawrence A. Jones, Margaret Burroughs, and Karl Griffin seated together, undated",Photograph,Arts And Culture,,SRM Collection,medium,General museum object or arts/material item fits the broad SRM catchall.
SRM-2026-777,"Exhibit installation or workroom scene with portrait display, undated",Photograph,Arts And Culture,,SRM Collection,medium,General museum object or arts/material item fits the broad SRM catchall.
SRM-2026-784,"Charles H. Wilson posed in front of the school with students, undated",Photograph,African American Education,,SRM Collection,high,Smith Robertson school or museum history item fits the redefined SRM Collection.
SRM-2026-790,"Woman seated at a piano or organ, undated",Photograph,Arts And Culture,,SRM Collection,medium,General museum object or arts/material item fits the broad SRM catchall.
SRM-2026-793,"Printed portrait of Richmond Barthe, undated",Archive,Arts And Culture,,SRM Collection,medium,General museum object or arts/material item fits the broad SRM catchall.
SRM-2026-794,"Printed portrait of Mary Leontyne Price, undated",Archive,Arts And Culture,,SRM Collection,medium,General museum object or arts/material item fits the broad SRM catchall.
SRM-2026-801,"Printed portrait of William Grant Still, undated",Archive,Arts And Culture,,SRM Collection,medium,General museum object or arts/material item fits the broad SRM catchall.
SRM-2026-802,"Printed portrait of Robert Earl Jones, undated",Archive,Arts And Culture,,SRM Collection,medium,General museum object or arts/material item fits the broad SRM catchall.
SRM-2026-803,"Printed portrait of Richmond Barthe, variant view, undated",Archive,Arts And Culture,,SRM Collection,medium,General museum object or arts/material item fits the broad SRM catchall.
SRM-2026-804,"Advertising fan for OJ's Beauty Lotion and Coal Roller Pills, undated",Artifact,Community and Professional Life,,SRM Collection,medium,General museum object or arts/material item fits the broad SRM catchall.
SRM-2026-805,"Smith Robertson School building facade, undated",Photograph,African American Education,,SRM Collection,high,Smith Robertson school or museum history item fits the redefined SRM Collection.
SRM-2026-807,"Sports pin awarded to Prof. Luther Marshall, undated",Artifact,African American Education,,SRM Collection,high,Smith Robertson school or museum history item fits the redefined SRM Collection.
SRM-2026-841,"Smith Robertson School 8th-grade class collage, 1925",Photograph,African American Education,,SRM Collection,high,Smith Robertson school or museum history item fits the redefined SRM Collection.
SRM-2026-434,"Arithmetic for Soldiers, 1942",Archive,Military Service,,WWII Soldiers Collection,high,Military portrait/material fits the existing WWII soldiers grouping.
SRM-2026-096,Bound scrapbook or notebook with inserted typed historical document,Archive,Civic Leadership,Archives Collection,Biographical and Civic History Collection,medium,Generic singleton archive bucket should fold into a stronger archive grouping.
SRM-2026-123,Portrait clipping of Virginia Scott (Scott Ford Houses),Archive,Portraiture and Community Memory,Biographical And Civic History Collection,Biographical and Civic History Collection,high,Capitalization variant of existing collection.
SRM-2026-028,Membership Directory of Historic Mount Helm Baptist Church 135th Anniversary Program,Archive,Faith And Community Life,Church and Community History Collection,SRM Collection,low,Single church history item does not yet justify a standalone collection.
SRM-R--1973-003,Ebony Magazine 1973 Feb-Aug,Artifact,Arts And Culture,Ebony magazines,Newspapers And Periodicals,high,Serial/magazine title should be absorbed into the broader newspapers grouping.
SRM-2026-049,Alcorn Agricultural and Mechanical College Eighty-Ninth Annual Commencement program,Archive,African American Education,Education Collection,Education and Public Memory Collection,high,Singleton education item fits the broader Education and Public Memory Collection.
SRM-2026-116,Alamo Theatre September 1976 promotional calendar,Archive,Arts And Culture,Farish Street Business District Collection,SRM Collection,low,Two-item micro-collection is too thin; Farish interpretation can be handled by theme/exhibit.
SRM-2026-582,"Farish Street YMCA group en route to youth conference, undated",Photograph,Community and Professional Life,Farish Street Business District Collection,SRM Collection,low,Two-item micro-collection is too thin; Farish interpretation can be handled by theme/exhibit.
SRM-R--1976-005,Jackson Advocate 1976-2005,Artifact,Arts And Culture,Jackson advocate,Newspapers And Periodicals,high,Serial/newspaper title should be absorbed into the broader newspapers grouping.
SRM-R--2008-002,Jackson Advocate 2008,Artifact,Arts And Culture,Jackson Advocate,Newspapers And Periodicals,high,Serial/newspaper title should be absorbed into the broader newspapers grouping.
SRM-R--2013-001,Jackson Advocate 2013,Newspaper / Periodical,Arts And Culture,Jackson Advocate,Newspapers And Periodicals,high,Serial/newspaper title should be absorbed into the broader newspapers grouping.
SRM-2026-032,Fragmentary clipping about Wilson Brown and the Medal of Honor,Archive,Military Service,Military and Civic History Collection,WWII Soldiers Collection,medium,Singleton military/civic bucket should fold into a stronger existing collection.
SRM-R--2026-008,MS link 1994-1995,Artifact,Arts And Culture,MS Link,Newspapers And Periodicals,high,Periodical title works better in the broader newspapers grouping.
SRM-2026-080,Inventory of Jerry and Sue Whitt donation,Archive,Arts And Culture,Museum Administrative Records,SRM Collection,medium,Administrative museum item fits better in the general SRM collection.
SRM-2026-114,Leather portfolio embossed for Dr. Margaret Walker Alexander,Artifact,Arts And Culture,Personal Papers And Memorabilia,Biographical and Civic History Collection,medium,Single personal item fits better with broader biographical holdings.
SRM-2026-054,"Democratic National Convention reserved section ticket, August 24, 1964",Archive,Civil Rights and Citizenship,Political History Collection,Civil Rights Collection,high,Singleton political item fits the stronger civil-rights grouping.
SRM-P-2026-004,Photo Prof. Luther Marshall,Photograph,African American Education,Smith Robertson,SRM Collection,medium,Current label is a variant of Smith Robertson school/museum history and should be normalized into SRM Collection.
SRM-R--2026-006,Field to Factory Slides and Videos,Artifact,African American Education,Smith Robertson,SRM Collection,medium,Current label is a variant of Smith Robertson school/museum history and should be normalized into SRM Collection.
SRM-R--2026-009,Field to Factory Art Box,Exhibit,African American Education,Smith robinson,SRM Collection,high,Current label is a variant of Smith Robertson school/museum history and should be normalized into SRM Collection.
SRM-P--1990-013,Mounted reproductions of Smith Robertson School exterior views,Photograph,African American Education,SR,SRM Collection,medium,Current label is a variant of Smith Robertson school/museum history and should be normalized into SRM Collection.
SRM-P-1955-012,"Portrait photograph of A.N. Jackson, principal",Artifact,African American Education,SR,SRM Collection,medium,Current label is a variant of Smith Robertson school/museum history and should be normalized into SRM Collection.
SRM-P-1960-020,Smith Robinson School Sunday Evening Meeting,Photograph,African American Education,SR,SRM Collection,medium,Current label is a variant of Smith Robertson school/museum history and should be normalized into SRM Collection.
SRM-P-1971- 015,"Portrait photograph of L.V. Randolph, principal",Photograph,African American Education,SR,SRM Collection,medium,Current label is a variant of Smith Robertson school/museum history and should be normalized into SRM Collection.
SRM-P-2026-010,"Photo of Charles S. Wilson, SR Principal",Artifact,African American Education,SR,SRM Collection,medium,Current label is a variant of Smith Robertson school/museum history and should be normalized into SRM Collection.
SRM-P-2026-011,Portrait photograph of Principal James Gooden,Photograph,African American Education,SR,SRM Collection,medium,Current label is a variant of Smith Robertson school/museum history and should be normalized into SRM Collection.
SRM-P-c.1950- 018,Portrait photograph of Richard Wright,Photograph,Arts And Culture,SR,SRM Collection,medium,Current label is a variant of Smith Robertson school/museum history and should be normalized into SRM Collection.
SRM-P-c.1970- 017,Smith Robertson Under Construction,Photograph,African American Education,SR,SRM Collection,medium,Current label is a variant of Smith Robertson school/museum history and should be normalized into SRM Collection.
SRM-R--c.1900-019,Photo of Smith Robertson,Artifact,African American Education,SR,SRM Collection,medium,Current label is a variant of Smith Robertson school/museum history and should be normalized into SRM Collection.
